{"targets": {"chem": {"label": "T-chem · 동시성·캐시·실패복구", "n1": 29, "n2": 30, "n1_total": 30, "n2_total": 30, "metrics": {"cost": {"label": "비용", "unit": "$", "C1": {"n": 29, "min": 0.6343088, "max": 1.0937141000000001, "q1": 0.7530507, "med": 0.8556779, "q3": 0.9721154000000001, "mean": 0.8584927862068965, "sd": 0.125005462657194, "values": [0.6343, 0.6813, 0.6964, 0.702, 0.7173, 0.733, 0.747, 0.7531, 0.7562, 0.7607, 0.7807, 0.8111, 0.8313, 0.8506, 0.8557, 0.859, 0.9002, 0.9109, 0.9133, 0.9178, 0.952, 0.9721, 0.982, 0.9922, 0.9998, 1.0055, 1.019, 1.0681, 1.0937]}, "C2": {"n": 30, "min": 0.7152271, "max": 1.1098601, "q1": 0.8030771, "med": 0.8723698, "q3": 0.9743924750000001, "mean": 0.88637616, "sd": 0.10622002211839221, "values": [0.7152, 0.7324, 0.7447, 0.746, 0.7624, 0.7665, 0.7726, 0.7993, 0.8144, 0.8272, 0.8396, 0.8545, 0.8574, 0.8657, 0.8697, 0.8751, 0.8913, 0.8946, 0.8973, 0.9584, 0.9624, 0.9664, 0.9771, 0.9794, 0.9848, 0.9929, 1.0201, 1.0435, 1.0705, 1.1099]}, "test": "welch_t", "stat": "mean", "sw_c1": 0.3894670231415259, "sw_c2": 0.39459914839633276, "ratio": 1.0324794503123333, "ratio_med": 1.019507223454059, "ratio_mean": 1.0324794503123333, "p": 0.3688855141059367, "sig": "ns"}, "dur": {"label": "벽시계 시간", "unit": "s", "C1": {"n": 29, "min": 150.272, "max": 334.499, "q1": 197.383, "med": 215.768, "q3": 239.627, "mean": 223.46044827586206, "sd": 40.55478200434245, "values": [150.272, 170.726, 176.097, 178.555, 189.845, 193.143, 196.574, 197.383, 197.833, 204.128, 207.467, 208.347, 210.491, 212.964, 215.768, 223.712, 224.01, 227.306, 229.508, 231.838, 232.133, 239.627, 244.185, 249.761, 257.937, 269.457, 302.332, 304.455, 334.499]}, "C2": {"n": 30, "min": 164.693, "max": 555.774, "q1": 210.04175, "med": 227.888, "q3": 263.8555, "mean": 254.3621, "sd": 88.58219517801908, "values": [164.693, 172.413, 181.517, 185.39, 188.504, 199.337, 205.26, 209.794, 210.785, 211.805, 216.138, 216.281, 221.883, 223.636, 224.882, 230.894, 243.829, 244.89, 246.965, 255.945, 256.971, 257.875, 265.849, 275.047, 296.869, 304.068, 305.37, 308.372, 549.827, 555.774]}, "test": "mwu", "stat": "median", "sw_c1": 0.11384056533366671, "sw_c2": 1.1736778161919193e-06, "ratio": 1.0561714434021727, "ratio_med": 1.0561714434021727, "ratio_mean": 1.1382868957910164, "p": 0.1700144254311643, "sig": "ns"}, "api": {"label": "API 시간", "unit": "s", "C1": {"n": 29, "min": 108.698, "max": 248.751, "q1": 154.634, "med": 172.643, "q3": 190.197, "mean": 173.92431034482757, "sd": 31.956076288106342, "values": [108.698, 128.492, 131.601, 133.607, 136.32, 141.989, 144.828, 154.634, 155.348, 162.562, 163.321, 165.225, 165.454, 167.57, 172.643, 178.101, 183.238, 185.409, 187.073, 187.652, 188.333, 190.197, 193.388, 202.263, 207.985, 210.755, 220.246, 228.122, 248.751]}, "C2": {"n": 30, "min": 124.811, "max": 514.972, "q1": 154.79725000000002, "med": 182.355, "q3": 202.42624999999998, "mean": 199.47663333333333, "sd": 87.88571889580366, "values": [124.811, 129.88, 141.096, 143.345, 145.723, 149.072, 149.513, 153.513, 158.65, 161.568, 165.595, 169.943, 173.45, 175.924, 181.628, 183.082, 184.058, 188.806, 189.168, 189.974, 192.273, 197.909, 203.932, 204.473, 212.825, 215.248, 234.83, 242.96, 506.078, 514.972]}, "test": "mwu", "stat": "median", "sw_c1": 0.9896367990255376, "sw_c2": 5.093970729315783e-08, "ratio": 1.0562548148491395, "ratio_med": 1.0562548148491395, "ratio_mean": 1.1469163392848587, "p": 0.42603032322737455, "sig": "ns"}, "local": {"label": "로컬 도구시간", "unit": "s", "C1": {"n": 29, "min": 9.186, "max": 123.744, "q1": 41.776, "med": 43.125, "q3": 45.785, "mean": 49.53613793103448, "sd": 21.895465829984285, "values": [9.186, 39.897, 40.233, 40.772, 40.807, 41.335, 41.574, 41.776, 41.922, 41.936, 42.234, 42.235, 42.485, 42.749, 43.125, 43.505, 44.099, 44.496, 45.017, 45.037, 45.611, 45.785, 46.239, 47.739, 54.585, 59.536, 82.086, 116.803, 123.744]}, "C2": {"n": 30, "min": 31.019, "max": 125.534, "q1": 40.45425, "med": 42.29, "q3": 47.91475, "mean": 54.885466666666666, "sd": 27.791361985016536, "values": [31.019, 39.432, 39.667, 39.882, 39.897, 40.214, 40.255, 40.421, 40.554, 40.687, 40.802, 40.824, 40.842, 41.723, 42.088, 42.492, 42.533, 42.831, 43.12, 43.749, 46.21, 46.981, 48.226, 51.747, 61.108, 107.701, 113.097, 114.53, 118.398, 125.534]}, "test": "mwu", "stat": "median", "sw_c1": 1.2431301550083805e-07, "sw_c2": 7.726704639617385e-08, "ratio": 0.9806376811594203, "ratio_med": 0.9806376811594203, "ratio_mean": 1.107988409251437, "p": 0.3874536476029644, "sig": "ns"}, "out": {"label": "출력 토큰", "unit": "tok", "C1": {"n": 29, "min": 6927, "max": 19035, "q1": 13315.0, "med": 14818.0, "q3": 16000.0, "mean": 14856.896551724138, "sd": 2507.4948942063406, "values": [6927, 10842, 12336, 12359, 12837, 13174, 13182, 13315, 13834, 14214, 14428, 14436, 14437, 14570, 14818, 15040, 15415, 15445, 15623, 15683, 15800, 16000, 17268, 17479, 17623, 17920, 18244, 18566, 19035]}, "C2": {"n": 30, "min": 9712, "max": 20334, "q1": 13520.25, "med": 15127.5, "q3": 16613.75, "mean": 15244.566666666668, "sd": 2600.171233891252, "values": [9712, 10417, 11471, 12447, 12564, 13049, 13415, 13505, 13566, 13644, 14320, 14800, 14806, 14984, 15111, 15144, 15475, 15598, 15932, 16431, 16465, 16589, 16622, 17497, 17727, 17742, 18639, 19162, 20169, 20334]}, "test": "welch_t", "stat": "mean", "sw_c1": 0.11661511429899812, "sw_c2": 0.9631285875380907, "ratio": 1.0260936133998686, "ratio_med": 1.0208867593467406, "ratio_mean": 1.0260936133998686, "p": 0.568878346654734, "sig": "ns"}, "bill": {"label": "총 처리토큰", "unit": "tok", "C1": {"n": 29, "min": 561807, "max": 1677317, "q1": 844736.0, "med": 1048351.0, "q3": 1236262.0, "mean": 1026687.5862068966, "sd": 289863.25811445183, "values": [561807, 588500, 632252, 646417, 654683, 660497, 736718, 844736, 847272, 857472, 864371, 890800, 977113, 1028969, 1048351, 1081705, 1120025, 1192835, 1198088, 1199512, 1200430, 1236262, 1237917, 1265986, 1286060, 1321505, 1405210, 1511130, 1677317]}, "C2": {"n": 30, "min": 684906, "max": 1664978, "q1": 838815.25, "med": 1068873.5, "q3": 1282954.0, "mean": 1077244, "sd": 256328.37922321438, "values": [684906, 687841, 713517, 716612, 746142, 766133, 781084, 803629, 944374, 968314, 988328, 1007351, 1015924, 1023820, 1028510, 1109237, 1138196, 1176013, 1204770, 1220758, 1250832, 1257325, 1291497, 1303436, 1312053, 1312470, 1349385, 1415293, 1434592, 1664978]}, "test": "welch_t", "stat": "mean", "sw_c1": 0.34539620784464853, "sw_c2": 0.1989975098479974, "ratio": 1.0492422568192183, "ratio_med": 1.0195759817084165, "ratio_mean": 1.0492422568192183, "p": 0.48891836667958993, "sig": "ns"}, "turns": {"label": "턴", "unit": "turn", "C1": {"n": 29, "min": 18, "max": 30, "q1": 22.0, "med": 24.0, "q3": 25.0, "mean": 23.620689655172413, "sd": 3.133949728966004, "values": [18, 18, 19, 19, 20, 20, 21, 22, 23, 23, 23, 23, 23, 23, 24, 24, 24, 24, 25, 25, 25, 25, 26, 26, 27, 27, 29, 29, 30]}, "C2": {"n": 30, "min": 19, "max": 30, "q1": 24.0, "med": 24.5, "q3": 26.0, "mean": 24.5, "sd": 2.591653268990022, "values": [19, 20, 21, 21, 21, 22, 22, 24, 24, 24, 24, 24, 24, 24, 24, 25, 25, 25, 25, 25, 25, 26, 26, 26, 27, 27, 27, 28, 30, 30]}, "test": "welch_t", "stat": "mean", "sw_c1": 0.43174857681072776, "sw_c2": 0.2883308402086163, "ratio": 1.037226277372263, "ratio_med": 1.0208333333333333, "ratio_mean": 1.037226277372263, "p": 0.2542736361354117, "sig": "ns"}}}, "score": {"label": "T-score · 순수 도메인 로직", "n1": 10, "n2": 10, "n1_total": 10, "n2_total": 10, "metrics": {"cost": {"label": "비용", "unit": "$", "C1": {"n": 10, "min": 0.1835583, "max": 0.2352285, "q1": 0.198194175, "med": 0.2072046, "q3": 0.22673264999999998, "mean": 0.21059513, "sd": 0.017082218007978357, "values": [0.1836, 0.1915, 0.1966, 0.2029, 0.2055, 0.2089, 0.2195, 0.2291, 0.2331, 0.2352]}, "C2": {"n": 10, "min": 0.1927131, "max": 0.29028220000000005, "q1": 0.19623512499999998, "med": 0.210167, "q3": 0.22874244999999996, "mean": 0.21862572, "sd": 0.02915392872635866,