{"targets": {"chem": {"label": "T-chem · 동시성·캐시·실패복구", "n1": 13, "n2": 13, "n1_total": 14, "n2_total": 13, "metrics": {"cost": {"label": "비용", "unit": "$", "C1": {"n": 13, "min": 0.6343088, "max": 1.0190386999999999, "q1": 0.7607020999999999, "med": 0.8280664999999999, "q3": 0.9002047999999999, "mean": 0.8291783153846154, "sd": 0.10967070727544653, "values": [0.6343, 0.6813, 0.733, 0.7607, 0.7807, 0.8077, 0.8281, 0.8557, 0.8609, 0.9002, 0.9178, 0.9998, 1.019]}, "C2": {"n": 13, "min": 0.7460042, "max": 1.0857485, "q1": 0.8545495999999999, "med": 0.8946185, "q3": 0.9770501000000001, "mean": 0.9103709307692308, "sd": 0.08932479169156005, "values": [0.746, 0.8014, 0.8396, 0.8545, 0.8657, 0.8697, 0.8946, 0.9565, 0.9664, 0.9771, 0.9848, 0.9929, 1.0857]}, "ratio": 1.080370356728596, "p": 0.10079209270783762, "sig": "ns"}, "dur": {"label": "벽시계 시간", "unit": "s", "C1": {"n": 13, "min": 150.272, "max": 302.332, "q1": 189.845, "med": 208.347, "q3": 244.185, "mean": 217.45507692307692, "sd": 40.17609006220479, "values": [150.272, 170.726, 179.341, 189.845, 197.383, 207.467, 208.347, 230.352, 231.838, 244.185, 256.891, 257.937, 302.332]}, "C2": {"n": 13, "min": 209.356, "max": 304.068, "q1": 211.805, "med": 242.041, "q3": 275.047, "mean": 245.65007692307694, "sd": 34.37506828516079, "values": [209.356, 209.794, 210.785, 211.805, 216.281, 230.894, 242.041, 244.89, 246.965, 275.047, 294.656, 296.869, 304.068]}, "ratio": 1.1617205911292219, "p": 0.06486987027995905, "sig": "*"}, "api": {"label": "API 시간", "unit": "s", "C1": {"n": 13, "min": 108.698, "max": 248.751, "q1": 144.828, "med": 162.562, "q3": 188.333, "mean": 169.13823076923077, "sd": 37.15029579787788, "values": [108.698, 128.492, 135.383, 144.828, 154.634, 157.711, 162.562, 167.57, 179.326, 188.333, 202.263, 220.246, 248.751]}, "C2": {"n": 13, "min": 149.513, "max": 242.96, "q1": 165.595, "med": 187.304, "q3": 197.909, "mean": 185.29607692307692, "sd": 24.800230195772652, "values": [149.513, 161.568, 161.913, 165.595, 169.943, 173.45, 187.304, 188.806, 189.168, 197.909, 204.473, 216.247, 242.96]}, "ratio": 1.152200391235344, "p": 0.16617010468287607, "sig": "ns"}, "local": {"label": "로컬 도구시간", "unit": "s", "C1": {"n": 13, "min": 9.186, "max": 82.086, "q1": 41.922, "med": 43.505, "q3": 45.785, "mean": 48.31684615384616, "sd": 18.404443940134733, "values": [9.186, 39.897, 41.574, 41.922, 42.234, 42.749, 43.505, 43.958, 45.017, 45.785, 72.641, 77.565, 82.086]}, "C2": {"n": 13, "min": 40.842, "max": 125.534, "q1": 42.831, "med": 47.443, "q3": 61.108, "mean": 60.354, "sd": 26.137825055183622, "values": [40.842, 42.088, 42.492, 42.831, 46.21, 46.981, 47.443, 48.226, 54.737, 61.108, 78.409, 107.701, 125.534]}, "ratio": 1.0905183312262958, "p": 0.12393580567274265, "sig": "ns"}, "out": {"label": "출력 토큰", "unit": "tok", "C1": {"n": 13, "min": 6927, "max": 17268, "q1": 12837.0, "med": 13834.0, "q3": 15415.0, "mean": 13602.923076923076, "sd": 2509.446505369981, "values": [6927, 11307, 12281, 12837, 13174, 13182, 13834, 14214, 14436, 15415, 15683, 16280, 17268]}, "C2": {"n": 13, "min": 11471, "max": 20334, "q1": 14923.0, "med": 15315.0, "q3": 16622.0, "mean": 15711.615384615385, "sd": 2036.936407695165, "values": [11471, 13505, 14806, 14923, 15111, 15144, 15315, 15598, 16589, 16622, 17336, 17497, 20334]}, "ratio": 1.1070550816828104, "p": 0.03550389064941184, "sig": "**"}, "bill": {"label": "총 처리토큰", "unit": "tok", "C1": {"n": 13, "min": 588500, "max": 1511130, "q1": 844736.0, "med": 1025091.0, "q3": 1199512.0, "mean": 1024325.5384615385, "sd": 284121.6338885149, "values": [588500, 632252, 654683, 844736, 857472, 1017310, 1025091, 1121515, 1192835, 1199512, 1265986, 1405210, 1511130]}, "C2": {"n": 13, "min": 687841, "max": 1537119, "q1": 944374.0, "med": 1204770.0, "q3": 1312053.0, "mean": 1125455.4615384615, "sd": 259205.83020971974, "values": [687841, 746142, 823859, 944374, 968314, 1109237, 1204770, 1250832, 1257325, 1312053, 1373762, 1415293, 1537119]}, "ratio": 1.175281023831055, "p": 0.3559671197337311, "sig": "ns"}, "turns": {"label": "턴", "unit": "turn", "C1": {"n": 13, "min": 18, "max": 29, "q1": 23.0, "med": 25.0, "q3": 26.0, "mean": 24.076923076923077, "sd": 3.173484822267118, "values": [18, 18, 22, 23, 23, 24, 25, 25, 26, 26, 27, 27, 29]}, "C2": {"n": 13, "min": 21, "max": 30, "q1": 24.0, "med": 25.0, "q3": 27.0, "mean": 25.307692307692307, "sd": 2.2320950966995246, "values": [21, 23, 24, 24, 24, 25, 25, 25, 26, 27, 27, 28, 30]}, "ratio": 1.0, "p": 0.4533164616521401, "sig": "ns"}}}, "score": {"label": "T-score · 순수 도메인 로직", "n1": 11, "n2": 10, "n1_total": 11, "n2_total": 10, "metrics": {"cost": {"label": "비용", "unit": "$", "C1": {"n": 11, "min": 0.1835583, "max": 0.2352285, "q1": 0.19463625, "med": 0.20554730000000002, "q3": 0.224319, "mean": 0.20896381818181817, "sd": 0.017084685667729565, "values": [0.1836, 0.1915, 0.1927, 0.1966, 0.2029, 0.2055, 0.2089, 0.2195, 0.2291, 0.2331, 0.2352]}, "C2": {"n": 10, "min": 0.1927131, "max": 0.29028220000000005, "q1": 0.19623512499999998, "med": 0.210167, "q3": 0.22874244999999996, "mean": 0.21862572, "sd": 0.02915392872635866, "values": [0.1927, 0.1937, 0.1961, 0.1968, 0.2006, 0.2198, 0.2226, 0.2308, 0.243, 0.2903]}, "ratio": 1.0224751188655845, "p": 0.549471691823942, "sig": "ns"}, "dur": {"label": "벽시계 시간", "unit": "s", "C1": {"n": 11, "min": 37.452, "max": 72.075, "q1": 38.451, "med": 48.213, "q3": 56.295, "mean": 48.87118181818182, "sd": 10.841868128343782, "values": [37.452, 38.202, 38.351, 38.551, 42.709, 48.213, 48.58, 55.69, 56.9, 60.86, 72.075]}, "C2": {"n": 10, "min": 42.704, "max": 71.264, "q1": 44.57575, "med": 48.2505, "q3": 54.897000000000006, "mean": 51.8338, "sd": 9.241043023382154, "values": [42.704, 43.041, 44.149, 45.856, 47.427, 49.074, 54.819, 54.923, 65.081, 71.264]}, "ratio": 1.0007777985190716, "p": 0.5035147104262714, "sig": "ns"}, "api": {"label": "API 시간", "unit": "s", "C1": {"n": 11, "min": 29.087, "max": 63.911, "q1": 30.2605, "med": 39.465, "q3": 48.9285, "mean": 40.61936363636364, "sd": 11.030571692698825, "values": [29.087, 29.377, 30.149, 30.372, 34.208, 39.465, 39.906, 48.649, 49.208, 52.481, 63.911]}, "C2": {"n": 10, "min": 33.473, "max": 63.804, "q1": 34.3745, "med": 39.4275, "q3": 45.0545, "mean": 42.4859, "sd": 9.85883770482099, "values": [33.473, 33.912, 34.296, 34.61, 37.262, 41.593, 44.099, 45.373, 56.437, 63.804]}, "ratio": 0.9990497909540098, "p": 0.549471691823942, "sig": "ns"}, "local": {"label": "로컬 도구시간", "unit": "s", "C1": {"n": 11, "min": 6.482, "max": 9.115, "q1": 8.119499999999999, "med": 8.379, "q3": 8.587499999999999, "mean": 8.251818181818182, "sd": 0.640738326702707, "values": [6.482, 7.979, 8.075, 8.164, 8.251, 8.379, 8.402, 8.501, 8.674, 8.748, 9.115]}, "C2": {"n": 10, "min": 7.46, "max": 11.56, "q1": 8.76525, "med": 9.3385, "q3": 10.0085, "mean": 9.3479, "sd": 1.240668888140587, "values": [7.46, 7.481, 8.644, 9.129, 9.231, 9.446, 9.539, 10.165, 10.824, 11.56]}, "ratio": 1.1145124716553287, "p": 0.026543707627723956, "sig": "**"}, "out": {"label": "출력 토큰", "unit": "tok", "C1": {"n": 11, "min": 1829, "max": 2862, "q1": 2102.5, "med": 2152.0, "q3": 2390.5, "mean": 2272, "sd": 302.70928147466685, "values": [1829, 2081, 2100, 2105, 2135, 2152, 2169, 2246, 2535, 2778, 2862]}, "C2": {"n": 10, "min": 1948, "max": 3690, "q1": 2058.25, "med": 2470.5, "q3": 2644.75, "mean": 2496.8, "sd": 519.4283011157555, "values": [1948, 1982, 2057, 2062, 2396, 2545, 2611, 2656, 3021, 3690]}, "ratio": 1.1480018587360594, "p": 0.6985353583033387, "sig": "ns"}, "bill": {"label": "총 처리토큰", "unit": "tok", "C1": {"n": 11, "min": 178240, "max": 297597, "q1": 208487.0, "med": 236841.0, "q3": 296011.5, "mean": 243267.54545454544, "sd": 43291.79630739133, "values": [178240, 205502, 208299, 208675, 211162, 236841, 240116, 294542, 297481, 297488, 297597]}, "C2": {"n": 10, "min": 205146, "max": 385368, "q1": 208890.5, "med": 235169.5, "q3": 284837.75, "mean": 254428, "sd": 54747.14130071085,