{"targets": {"chem": {"label": "T-chem · 동시성·캐시·실패복구", "n1": 10, "n2": 10, "n1_total": 10, "n2_total": 10, "metrics": {"cost": {"label": "비용", "unit": "$", "C1": {"n": 10, "min": 0.6343088, "max": 1.0190386999999999, "q1": 0.739945175, "med": 0.81819785, "q3": 0.9134218999999999, "mean": 0.82826278, "sd": 0.12445034614576045, "values": [0.6343, 0.6813, 0.733, 0.7607, 0.7807, 0.8557, 0.9002, 0.9178, 0.9998, 1.019]}, "C2": {"n": 10, "min": 0.7460042, "max": 0.992856, "q1": 0.8573442499999999, "med": 0.8821439, "q3": 0.9743924750000001, "mean": 0.89912595, "sd": 0.07595791956656331, "values": [0.746, 0.8396, 0.8545, 0.8657, 0.8697, 0.8946, 0.9664, 0.9771, 0.9848, 0.9929]}, "test": "welch_t", "stat": "mean", "sw_c1": 0.765899624828129, "sw_c2": 0.27313353656040906, "ratio": 1.0855563858610187, "ratio_med": 1.0781547519343884, "ratio_mean": 1.0855563858610187, "p": 0.16558574465721582, "sig": "ns"}, "dur": {"label": "벽시계 시간", "unit": "s", "C1": {"n": 10, "min": 150.272, "max": 302.332, "q1": 191.7295, "med": 207.907, "q3": 241.09825, "mean": 216.0332, "sd": 42.17714299428068, "values": [150.272, 170.726, 189.845, 197.383, 207.467, 208.347, 231.838, 244.185, 257.937, 302.332]}, "C2": {"n": 10, "min": 209.794, "max": 304.068, "q1": 212.924, "med": 237.892, "q3": 268.0265, "mean": 244.7398, "sd": 34.08993570190475, "values": [209.794, 210.785, 211.805, 216.281, 230.894, 244.89, 246.965, 275.047, 296.869, 304.068]}, "test": "welch_t", "stat": "mean", "sw_c1": 0.948054068804301, "sw_c2": 0.0885451996720088, "ratio": 1.1328805017006647, "ratio_med": 1.144223138230074, "ratio_mean": 1.1328805017006647, "p": 0.13045268155599857, "sig": "ns"}, "api": {"label": "API 시간", "unit": "s", "C1": {"n": 10, "min": 108.698, "max": 248.751, "q1": 147.27949999999998, "med": 165.066, "q3": 198.78050000000002, "mean": 172.6377, "sd": 40.55320889165246, "values": [108.698, 128.492, 144.828, 154.634, 162.562, 167.57, 188.333, 202.263, 220.246, 248.751]}, "C2": {"n": 10, "min": 149.513, "max": 242.96, "q1": 166.68200000000002, "med": 181.128, "q3": 195.72375, "mean": 184.3385, "sd": 25.451403133226272, "values": [149.513, 161.568, 165.595, 169.943, 173.45, 188.806, 189.168, 197.909, 204.473, 242.96]}, "test": "welch_t", "stat": "mean", "sw_c1": 0.9815009969679906, "sw_c2": 0.45090597849665714, "ratio": 1.0677766212130955, "ratio_med": 1.0973065319326814, "ratio_mean": 1.0677766212130955, "p": 0.4746635378869432, "sig": "ns"}, "local": {"label": "로컬 도구시간", "unit": "s", "C1": {"n": 10, "min": 9.186, "max": 82.086, "q1": 41.661, "med": 42.4915, "q3": 44.639, "mean": 43.3955, "sd": 16.41673309309742, "values": [9.186, 39.897, 41.574, 41.922, 42.234, 42.749, 43.505, 45.017, 45.785, 82.086]}, "C2": {"n": 10, "min": 40.842, "max": 125.534, "q1": 42.57675, "med": 46.5955, "q3": 57.887499999999996, "mean": 60.4013, "sd": 28.90876454312775, "values": [40.842, 42.088, 42.492, 42.831, 46.21, 46.981, 48.226, 61.108, 107.701, 125.534]}, "test": "mwu", "stat": "median", "sw_c1": 0.0028389012258968724, "sw_c2": 0.00038769038190919643, "ratio": 1.0965840226868904, "ratio_med": 1.0965840226868904, "ratio_mean": 1.3918793423281217, "p": 0.08897301170181328, "sig": "*"}, "out": {"label": "출력 토큰", "unit": "tok", "C1": {"n": 10, "min": 6927, "max": 17268, "q1": 13176.0, "med": 14024.0, "q3": 15170.25, "mean": 13697, "sd": 2599.8306483307715, "values": [6927, 12837, 13174, 13182, 13834, 14214, 14436, 15415, 15683, 17268]}, "C2": {"n": 10, "min": 11471, "max": 20334, "q1": 14882.25, "med": 15371.0, "q3": 16613.75, "mean": 15667.7, "sd": 2247.249432083586, "values": [11471, 13505, 14806, 15111, 15144, 15598, 16589, 16622, 17497, 20334]}, "test": "mwu", "stat": "median", "sw_c1": 0.03988482956703737, "sw_c2": 0.858455851408124, "ratio": 1.0960496292070736, "ratio_med": 1.0960496292070736, "ratio_mean": 1.1438782215083596, "p": 0.10410988966022681, "sig": "ns"}, "bill": {"label": "총 처리토큰", "unit": "tok", "C1": {"n": 10, "min": 588500, "max": 1511130, "q1": 702196.25, "med": 1025153.5, "q3": 1249367.5, "mean": 1015231.6, "sd": 322351.3214882793, "values": [588500, 632252, 654683, 844736, 857472, 1192835, 1199512, 1265986, 1405210, 1511130]}, "C2": {"n": 10, "min": 687841, "max": 1415293, "q1": 950359.0, "med": 1157003.5, "q3": 1255701.75, "mean": 1089618.1, "sd": 232058.83198380965, "values": [687841, 746142, 944374, 968314, 1109237, 1204770, 1250832, 1257325, 1312053, 1415293]}, "test": "welch_t", "stat": "mean", "sw_c1": 0.27129669425287717, "sw_c2": 0.4860215095662254, "ratio": 1.0732704734565002, "ratio_med": 1.128614885478126, "ratio_mean": 1.0732704734565002, "p": 0.5818425949466353, "sig": "ns"}, "turns": {"label": "턴", "unit": "turn", "C1": {"n": 10, "min": 18, "max": 27, "q1": 23.0, "med": 24.5, "q3": 25.75, "mean": 23.5, "sd": 3.0083217912982647, "values": [18, 18, 23, 23, 24, 25, 25, 26, 26, 27]}, "C2": {"n": 10, "min": 21, "max": 30, "q1": 24.0, "med": 25.0, "q3": 26.5, "mean": 25.2, "sd": 2.2715633383201093, "values": [21, 24, 24, 24, 25, 25, 25, 27, 27, 30]}, "test": "mwu", "stat": "median", "sw_c1": 0.045304312250555534, "sw_c2": 0.4191042387101789, "ratio": 1.0204081632653061, "ratio_med": 1.0204081632653061, "ratio_mean": 1.0723404255319149, "p": 0.3575717049131083, "sig": "ns"}}}, "score": {"label": "T-score · 순수 도메인 로직", "n1": 10, "n2": 10, "n1_total": 10, "n2_total": 10, "metrics": {"cost": {"label": "비용", "unit": "$", "C1": {"n": 10, "min": 0.1835583, "max": 0.2352285, "q1": 0.198194175, "med": 0.2072046, "q3": 0.22673264999999998, "mean": 0.21059513, "sd": 0.017082218007978357, "values": [0.1836, 0.1915, 0.1966, 0.2029, 0.2055, 0.2089, 0.2195, 0.2291, 0.2331, 0.2352]}, "C2": {"n": 10, "min": 0.1927131, "max": 0.29028220000000005, "q1": 0.19623512499999998, "med": 0.210167, "q3": 0.22874244999999996, "mean": 0.21862572, "sd": 0.02915392872635866, "values": [0.1927, 0.1937, 0.1961, 0.1968, 0.2006, 0.2198, 0.2226, 0.2308, 0.243, 0.2903]}, "test": "mwu", "stat": "median", "sw_c1": 0.602338337734304, "sw_c2": 0.026680659642741432, "ratio": 1.0142969798933035, "ratio_med": 1.0142969798933035, "ratio_mean": 1.0381328381145376, "p": 0.7913367801006604, "sig": "ns"}, "dur": {"label": "벽시계 시간", "unit": "s", "C1": {"n": 10, "min": 38.202, "max": 72.075, "q1": 39.590500000000006, "med": 48.3965, "q3": 56.5975, "mean": 50.0131, "sd": 10.721798659273546, "values": [38.202, 38.351, 38.551, 42.709, 48.213, 48.58, 55.69, 56.9, 60.86, 72.075]}, "C2": {"n": 10, "min": 42.704, "max": 71.264, "q1": 44.57575, "med": 48.2505, "q3": 54.897000000000006, "mean": 51.8338, "sd": 9.241043023382154, "values": [42.704, 43.041, 44.149, 45.856, 47.427, 49.074, 54.819, 54.923, 65.081, 71.264]}, "test": "welch_t", "stat": "mean", "sw_c1": 0.2953565454404584, "sw_c2": 0.07786666466779134, "ratio": 1.0364044620309478, "ratio_med": 0.9969832529211823, "ratio_mean": 1.0364044620309478, "p": 0.7042004135239179, "sig": "ns"}, "api": {"label": "API 시간", "unit": "s", "C1": {"n": 10, "min": 29.087, "max": 63.911, "q1": 31.331, "med": 39.685500000000005, "q3": 49.06825, "mean": 41.7436, "sd": 10.951615480832041, "values": [29.087, 30.149, 30.372, 34.208, 39.465, 39.906, 48.649, 49.208, 52.481, 63.911]}, "C2": {"n": 10, "min": 33.473, "max": 63.804, "q1": 34.3745, "med": 39.4275, "q3": 45.0545, "mean": 42.4859, "sd": 9.85883770482099, "values": [33.473, 33.912, 34.296, 34.61, 37.262, 41.593, 44.099, 45.373, 56.437, 63.804]}, "test": "mwu", "stat": "median", "sw_c1": 0.3283956627064375, "sw_c2": 0.040746089042636414, "ratio": 0.9934988849831802, "ratio_med": 0.9934988849831802, "ratio_mean": 1.017782366638239, "p": 0.7913367801006604, "sig": "ns"}, "local": {"label": "로컬 도구시간", "unit": "s", "C1": {"n": 10, "min": 6.482, "max": 9.115, "q1": 8.185749999999999, "med": 8.3905, "q3": 8.630749999999999, "mean": 8.269499999999999, "sd": 0.6694483176467021, "values": [6.482, 7.979, 8.164, 8.251, 8.379, 8.402, 8.501, 8.674, 8.748, 9.115]}, "C2": {"n": 10, "min": 7.46, "max": 11.56, "q1": 8.76525, "med": 9.3385, "q3": 10.0085,